{"cameraMode":{"drawMode":0,"name":"Shaded","section":"Shading Mode"},"sceneLighting":true,"audioPlay":false,"sceneViewState":{"showFog":true,"showMaterialUpdate":false,"showSkybox":true,"showFlares":true,"showImageEffects":true,"showParticleSystems":true},"in2DMode":false,"pivot":{"x":-0.4907759726047516,"y":-18.240705490112306,"z":32.43275833129883},"rotation":{"x":-0.26478514075279238,"y":-0.0024547046050429346,"z":0.00206522224470973,"w":-0.9646313190460205},"size":28.216575622558595,"orthographic":false}