{"cameraMode":{"drawMode":0,"name":"Shaded","section":"Shading Mode"},"sceneLighting":true,"audioPlay":false,"sceneViewState":{"showFog":true,"showMaterialUpdate":false,"showSkybox":true,"showFlares":true,"showImageEffects":true,"showParticleSystems":true},"in2DMode":false,"pivot":{"x":12.6630220413208,"y":-27.944549560546876,"z":14.293015480041504},"rotation":{"x":-0.42945507168769839,"y":-0.26959651708602908,"z":0.13662444055080415,"w":-0.8512657284736633},"size":19.92207908630371,"orthographic":false}