{"cameraMode":{"drawMode":0,"name":"Shaded","section":"Shading Mode"},"sceneLighting":true,"audioPlay":false,"sceneViewState":{"showFog":true,"showMaterialUpdate":false,"showSkybox":true,"showFlares":true,"showImageEffects":true,"showParticleSystems":true},"in2DMode":false,"pivot":{"x":-15.602375030517579,"y":-31.864376068115236,"z":18.483469009399415},"rotation":{"x":0.37816518545150759,"y":-0.26542335748672488,"z":0.11389254033565521,"w":0.8798128962516785},"size":28.216575622558595,"orthographic":false}