{"cameraMode":{"drawMode":0,"name":"Shaded","section":"Shading Mode"},"sceneLighting":true,"audioPlay":false,"sceneViewState":{"showFog":true,"showMaterialUpdate":false,"showSkybox":true,"showFlares":true,"showImageEffects":true,"showParticleSystems":true},"in2DMode":false,"pivot":{"x":0.2618849575519562,"y":14.506843566894532,"z":-12.861948013305664},"rotation":{"x":0.21265779435634614,"y":-0.1872071772813797,"z":0.041527677327394488,"w":0.9581540822982788},"size":10.0,"orthographic":false}